filename,classical.00061.wav
classical.00066.wav,0.7752028203495727
jazz.00094.wav,0.7528534841779885
classical.00038.wav,0.7345141911665991
classical.00035.wav,0.7027910263147228
classical.00083.wav,0.6960997954790068
classical.00020.wav,0.6931601839024337
classical.00043.wav,0.6917310179477651
jazz.00001.wav,0.6916302655516738
classical.00071.wav,0.6851679136663452
jazz.00058.wav,0.6765969700791339
classical.00033.wav,0.671528694037695
classical.00084.wav,0.6709876675896401
classical.00078.wav,0.6687577595360037
classical.00087.wav,0.6586769907722323
jazz.00002.wav,0.6569833548262948
jazz.00009.wav,0.6515976663676226
jazz.00014.wav,0.651264874410622
classical.00079.wav,0.6477074883898873
classical.00028.wav,0.6466266233501883
classical.00031.wav,0.6443761255490263
classical.00077.wav,0.6441451336276846
classical.00076.wav,0.6396813007327598
classical.00030.wav,0.6367455230064691
classical.00065.wav,0.6364685322248383
classical.00014.wav,0.6331948963681521
classical.00070.wav,0.6255054649553665
jazz.00057.wav,0.6235304034415856
classical.00086.wav,0.6223773909034297
classical.00063.wav,0.6203533932985005
jazz.00032.wav,0.6166841936351635
jazz.00072.wav,0.6158269371651591
jazz.00036.wav,0.612728932237626
classical.00074.wav,0.6103935567474145
jazz.00046.wav,0.6089647047639138
classical.00059.wav,0.6084090770508672
country.00047.wav,0.6069804881374711
classical.00055.wav,0.6022014444648006
classical.00027.wav,0.5999949524355929
classical.00097.wav,0.5984761843554227
classical.00085.wav,0.5945085180856537
classical.00081.wav,0.5904443189680485
jazz.00000.wav,0.5896769687035001
classical.00075.wav,0.5871323942375456
classical.00022.wav,0.5843011897375573
blues.00037.wav,0.5807844451327903
classical.00073.wav,0.5784094031093451
classical.00026.wav,0.5762661806512669
classical.00009.wav,0.5724953267094399
classical.00088.wav,0.572483098212779
classical.00047.wav,0.5665865033311914
classical.00011.wav,0.5647264139405727
country.00030.wav,0.563844831027505
classical.00062.wav,0.5632293953679943
classical.00018.wav,0.5616543904434217
classical.00034.wav,0.5575975217121957
classical.00057.wav,0.5573586890614116
classical.00060.wav,0.5551113146553451
classical.00050.wav,0.5533517258421752
jazz.00030.wav,0.5518353121558981
classical.00045.wav,0.5511640689941992
classical.00058.wav,0.5507237333205511
classical.00001.wav,0.5453153184296714
blues.00039.wav,0.5441331683530014
classical.00032.wav,0.5438339385202089
jazz.00071.wav,0.53861394682354
country.00019.wav,0.5361632376846533
classical.00024.wav,0.5353097063737376
classical.00082.wav,0.5332378383842755
classical.00036.wav,0.5319952737782229
classical.00037.wav,0.5301382638311013
classical.00067.wav,0.5278195906019236
country.00036.wav,0.5277434864967806
classical.00021.wav,0.5269164658655973
classical.00008.wav,0.5257197784604462
country.00022.wav,0.52506947288538
jazz.00062.wav,0.5216207082043087
rock.00033.wav,0.5215613729108375
classical.00042.wav,0.5200997790897633
country.00071.wav,0.5147398702329129
blues.00028.wav,0.5103333675621755
country.00065.wav,0.5051908524164511
classical.00044.wav,0.5047832127376946
classical.00072.wav,0.5031019355717651
jazz.00041.wav,0.5018318839985343
country.00021.wav,0.4993827998680958
country.00023.wav,0.49717563595704517
classical.00006.wav,0.49679915188229556
country.00032.wav,0.49489034965179574
country.00049.wav,0.49459999383443953
jazz.00076.wav,0.4929722984736055
country.00025.wav,0.4912092763139307
reggae.00084.wav,0.4904752216065783
classical.00029.wav,0.4902218211712168
classical.00012.wav,0.4898327979197541
blues.00096.wav,0.48641812781086374
country.00028.wav,0.48602554284978977
classical.00005.wav,0.48567480777169336
rock.00048.wav,0.48329368284240964
jazz.00007.wav,0.48320428518049935
jazz.00003.wav,0.4823141321269406
country.00048.wav,0.47871250051075465
classical.00003.wav,0.4770583691021175
country.00016.wav,0.47413711661775737
blues.00019.wav,0.46919122256892987
country.00029.wav,0.46803094254715544
jazz.00045.wav,0.46591011696546675
classical.00013.wav,0.46510243439807486
classical.00010.wav,0.46277057894961743
blues.00012.wav,0.46077779914097333
classical.00048.wav,0.4603677023339766
blues.00015.wav,0.45604054355783463
classical.00017.wav,0.45553701600804397
jazz.00068.wav,0.4529425717874233
jazz.00042.wav,0.4507701727293892
country.00024.wav,0.44979970385344065
blues.00004.wav,0.4496699243529592
classical.00016.wav,0.4477299443012045
blues.00017.wav,0.4476721462701511
classical.00064.wav,0.44723183223984014
jazz.00097.wav,0.44683946824480925
jazz.00035.wav,0.44657441080569754
jazz.00053.wav,0.44655939460879845
jazz.00099.wav,0.44611255418694695
jazz.00006.wav,0.4458338407895619
pop.00041.wav,0.4457593409383573
blues.00023.wav,0.4449788770291216
jazz.00055.wav,0.44460554625718846
classical.00007.wav,0.4429842160027272
jazz.00090.wav,0.44261471223049936
rock.00045.wav,0.43927929868633797
classical.00025.wav,0.43878782704407593
classical.00068.wav,0.43792787759312785
country.00068.wav,0.43781092377805053
classical.00093.wav,0.4329172961432399
classical.00004.wav,0.4311459891798669
jazz.00054.wav,0.429289037462969
reggae.00083.wav,0.4278490109908631
blues.00088.wav,0.4275949893618421
blues.00031.wav,0.42502190365222664
classical.00023.wav,0.422341159763026
blues.00025.wav,0.4182101930439186
jazz.00069.wav,0.41816833903743034
blues.00027.wav,0.4146085722371415
blues.00024.wav,0.4109918719000696
country.00079.wav,0.4069888607119558
country.00027.wav,0.4065114990378811
classical.00019.wav,0.4056897856663538
jazz.00066.wav,0.40516597673513627
blues.00020.wav,0.4029963905684446
classical.00000.wav,0.4022286658779607
blues.00089.wav,0.40051930654864326
jazz.00020.wav,0.40039233716569983
pop.00079.wav,0.3987298210506096
jazz.00060.wav,0.39856076296069226
reggae.00001.wav,0.3981201350394077
disco.00047.wav,0.39707541221659937
country.00093.wav,0.3962389559993709
blues.00014.wav,0.38929474609023973
country.00012.wav,0.3890695170061596
jazz.00005.wav,0.3850353262537035
blues.00013.wav,0.38368813152412296
jazz.00028.wav,0.38079912581121006
country.00067.wav,0.3805189914111943
pop.00081.wav,0.3785440973180288
blues.00032.wav,0.37731590769239376
pop.00053.wav,0.37523015529144615
blues.00036.wav,0.37365511465518064
pop.00011.wav,0.3734491947150534
jazz.00019.wav,0.37236199920626406
jazz.00093.wav,0.37138542322187024
reggae.00043.wav,0.370731236233782
blues.00091.wav,0.37024308341345824
classical.00041.wav,0.3665165937900074
jazz.00016.wav,0.3663984229221532
country.00018.wav,0.36121151145132196
jazz.00034.wav,0.3598582792200486
country.00037.wav,0.35883557775847064
jazz.00037.wav,0.35810761792295404
classical.00069.wav,0.35796681203192593
blues.00099.wav,0.3542287408888121
blues.00026.wav,0.3538734549180078
blues.00034.wav,0.3533224804090577
pop.00005.wav,0.3524030997690412
jazz.00065.wav,0.35238930299704196
blues.00030.wav,0.35151162645309375
disco.00020.wav,0.3495520434057288
jazz.00078.wav,0.3470075760081226
jazz.00040.wav,0.34447199997789746
blues.00094.wav,0.3431576047215662
pop.00063.wav,0.34168472084830603
jazz.00010.wav,0.3405928636654411
blues.00007.wav,0.3374103166476403
jazz.00039.wav,0.33729447018975706
jazz.00017.wav,0.33722033194501544
blues.00085.wav,0.3367451791830414
jazz.00048.wav,0.33666763704246694
jazz.00025.wav,0.3366536005103513
jazz.00067.wav,0.3361643963923782
jazz.00026.wav,0.3334632048261051
reggae.00060.wav,0.3320532925958318
country.00069.wav,0.3302550230978764
classical.00052.wav,0.3294298792199877
blues.00086.wav,0.3289725140294237
blues.00093.wav,0.3285425629008748
classical.00002.wav,0.3283701461796027
country.00078.wav,0.3260711430971433
classical.00039.wav,0.32556025734963423
jazz.00038.wav,0.32438332241696527
country.00031.wav,0.32127667572008467
country.00089.wav,0.3210112414201328
country.00017.wav,0.3203563374841283
country.00034.wav,0.3198082179409276
jazz.00088.wav,0.31965207228666026
pop.00040.wav,0.31867086834437985
jazz.00079.wav,0.3171120735687411
blues.00033.wav,0.3169939139991554
country.00073.wav,0.31660706194840993
country.00040.wav,0.31397878681693364
jazz.00070.wav,0.313535431077272
rock.00044.wav,0.310630431068344
blues.00021.wav,0.30931327706893486
reggae.00097.wav,0.30800494506530485
jazz.00089.wav,0.3046550632323226
classical.00095.wav,0.30398947311680846
jazz.00004.wav,0.30370295889654464
classical.00051.wav,0.30294917979424374
reggae.00089.wav,0.3006020419060014
blues.00022.wav,0.30050181442165536
country.00076.wav,0.3002742054532714
blues.00010.wav,0.29960903586200516
country.00091.wav,0.296300294319514
blues.00016.wav,0.2946214749601169
classical.00053.wav,0.29382028261443854
country.00046.wav,0.2936584912866408
jazz.00033.wav,0.2921194091334444
jazz.00074.wav,0.2893240814869532
pop.00007.wav,0.2889490368549938
jazz.00051.wav,0.28871697535194696
rock.00054.wav,0.2884425456425781
blues.00052.wav,0.28809592598550404
country.00074.wav,0.28761443752693716
jazz.00022.wav,0.2845548351345371
blues.00006.wav,0.28449215115690285
country.00087.wav,0.28271600466903024
jazz.00077.wav,0.28258791473678063
blues.00092.wav,0.2820068744342421
jazz.00044.wav,0.2799681318724869
reggae.00077.wav,0.2792698110292606
rock.00061.wav,0.2790646264496168
blues.00049.wav,0.2733869235151747
country.00026.wav,0.27325610849425697
blues.00029.wav,0.27287594033485496
jazz.00008.wav,0.2690729420110155
country.00098.wav,0.2677959762005376
reggae.00010.wav,0.2675223527792385
country.00042.wav,0.2663915559049151
classical.00046.wav,0.2661547297885428
rock.00059.wav,0.2645018842084483
reggae.00094.wav,0.2641738114038341
country.00044.wav,0.2635316369628374
country.00015.wav,0.26137685488139684
blues.00009.wav,0.2607883762488038
blues.00035.wav,0.26004127331946875
blues.00038.wav,0.2600092075798627
country.00033.wav,0.25617941416674134
blues.00097.wav,0.25362599798926067
jazz.00080.wav,0.25110763320573903
disco.00025.wav,0.25105360494420503
classical.00049.wav,0.24973566580828327
classical.00040.wav,0.24653962432300797
reggae.00046.wav,0.2401654719893138
reggae.00034.wav,0.23903203698829903
rock.00055.wav,0.23814450896343387
jazz.00049.wav,0.23790501034060915
classical.00080.wav,0.2362378571077246
jazz.00096.wav,0.23562918952792447
jazz.00031.wav,0.23356333856935757
disco.00044.wav,0.2328986917505827
rock.00058.wav,0.23061110299292947
country.00051.wav,0.23025294445456732
jazz.00092.wav,0.22921172784373078
country.00077.wav,0.22806566199900458
classical.00015.wav,0.2273607418692595
reggae.00085.wav,0.22710368739010234
country.00083.wav,0.22585386917115854
country.00038.wav,0.22580244611136302
blues.00011.wav,0.22420703553942417
country.00010.wav,0.22387080351827388
classical.00094.wav,0.22356008018276363
rock.00009.wav,0.22260815188374514
rock.00062.wav,0.21730139139067717
rock.00052.wav,0.214889578172918
rock.00063.wav,0.21403222004406874
reggae.00070.wav,0.20231155372232332
reggae.00049.wav,0.1986466895739404
rock.00089.wav,0.19620897157868575
rock.00046.wav,0.19547114604336818
reggae.00056.wav,0.19136594915049734
blues.00018.wav,0.19107875271265556
jazz.00043.wav,0.19024397436116028
blues.00095.wav,0.18858588082870853
disco.00032.wav,0.186401542822125
classical.00092.wav,0.18529722581691555
reggae.00040.wav,0.18434591871045178
jazz.00023.wav,0.18282407176281995
country.00064.wav,0.17986037901890922
rock.00031.wav,0.1797962705907236
rock.00049.wav,0.17917783646412805
pop.00003.wav,0.1774131227233429
rock.00006.wav,0.1756656070178997
hiphop.00044.wav,0.174919794520484
rock.00098.wav,0.17057749321095084
pop.00049.wav,0.17002166889007359
jazz.00075.wav,0.16893752711106186
reggae.00093.wav,0.16809305093139176
disco.00041.wav,0.1663933388186428
pop.00010.wav,0.16579819440954233
country.00035.wav,0.16409932555899723
disco.00017.wav,0.16147364146474452
reggae.00042.wav,0.16024844388657908
disco.00081.wav,0.15963975259067925
disco.00042.wav,0.15850347389864078
classical.00098.wav,0.15829151033808164
pop.00006.wav,0.15666062590497293
pop.00012.wav,0.15602935719893327
classical.00056.wav,0.15324227452768088
rock.00099.wav,0.14882937824132245
rock.00085.wav,0.14816779303864094
rock.00070.wav,0.14763071354540158
blues.00003.wav,0.14693200495449368
reggae.00013.wav,0.14674003987679002
reggae.00005.wav,0.1465407637550226
disco.00019.wav,0.1445345258757835
country.00056.wav,0.14409238726313806
country.00011.wav,0.1435176071234917
country.00057.wav,0.1416415421475352
reggae.00078.wav,0.141607470344175
jazz.00059.wav,0.13570463261160554
rock.00028.wav,0.1353170384198041
reggae.00063.wav,0.1308051876032109
classical.00096.wav,0.1301070769712911
jazz.00012.wav,0.1253882571674322
classical.00054.wav,0.12040207681547042
country.00013.wav,0.12010033505860082
jazz.00095.wav,0.11982949731840843
blues.00002.wav,0.11943570218702997
reggae.00058.wav,0.11838477363190017
disco.00009.wav,0.11670497384243497
reggae.00038.wav,0.11560279747315298
rock.00012.wav,0.11321734560422664
jazz.00091.wav,0.1132120091717675
blues.00005.wav,0.11308601806000705
disco.00045.wav,0.10860334426330535
rock.00007.wav,0.10742329048286106
reggae.00057.wav,0.10721131678942343
classical.00090.wav,0.10601725483504892
country.00014.wav,0.10538593301426874
pop.00027.wav,0.10495347799307407
rock.00037.wav,0.10386004580089242
country.00043.wav,0.10381545249956012
reggae.00095.wav,0.08992044913359415
jazz.00029.wav,0.08974664212894352
pop.00064.wav,0.08920702290034786
reggae.00067.wav,0.08768154926192176
jazz.00073.wav,0.08751637402422824
rock.00035.wav,0.0830524300542962
blues.00087.wav,0.08221763785076681
rock.00060.wav,0.0791681369285352
country.00061.wav,0.07889130208237385
reggae.00091.wav,0.07715236269124427
country.00052.wav,0.0763349658843659
rock.00039.wav,0.0751710434899241
hiphop.00013.wav,0.07388162486348761
reggae.00032.wav,0.07366521317409054
rock.00011.wav,0.07336540079531621
reggae.00096.wav,0.07098900462438856
reggae.00092.wav,0.06935889473259974
disco.00029.wav,0.06897118988833377
reggae.00006.wav,0.06852238552699022
disco.00086.wav,0.0664995375229335
reggae.00066.wav,0.06502763359862154
rock.00050.wav,0.06223282463178173
hiphop.00055.wav,0.059936376597425615
blues.00090.wav,0.05877559371694503
jazz.00027.wav,0.05625586539476433
rock.00042.wav,0.05554072106785768
jazz.00011.wav,0.05250408768655394
hiphop.00002.wav,0.05230193890136284
jazz.00024.wav,0.04987792061679561
jazz.00015.wav,0.049426421750704934
reggae.00041.wav,0.046076100304195775
disco.00000.wav,0.04559715188450169
hiphop.00040.wav,0.04449499282798248
classical.00091.wav,0.043261410648997675
reggae.00054.wav,0.042633016152509466
hiphop.00061.wav,0.0422960782957873
reggae.00007.wav,0.04154663672606994
pop.00025.wav,0.040064662087558475
disco.00021.wav,0.038121880808836175
reggae.00047.wav,0.03469579272030851
disco.00038.wav,0.033222656044834355
rock.00014.wav,0.030382118813615765
reggae.00062.wav,0.029564909510297863
country.00054.wav,0.02694105142458636
blues.00069.wav,0.024686658149489477
disco.00039.wav,0.023076646779695644
country.00020.wav,0.022376202547957552
reggae.00069.wav,0.02154296253912228
reggae.00025.wav,0.019499573991962504
pop.00065.wav,0.018349235783122385
country.00059.wav,0.017673205542762662
pop.00014.wav,0.016756510577081385
jazz.00087.wav,0.014644655963122033
pop.00094.wav,0.013828866114780798
reggae.00059.wav,0.013582190337385967
rock.00015.wav,0.012851726599599695
rock.00027.wav,0.011535441171348878
rock.00043.wav,0.00778046498601495
rock.00064.wav,0.005046666297127678
blues.00062.wav,0.004375135244438267
country.00097.wav,0.004176458299952377
pop.00062.wav,0.0009224157754706867
jazz.00086.wav,0.0005394472598813805
pop.00026.wav,0.0003959211161206075
pop.00083.wav,-0.0005723834073429195
reggae.00002.wav,-0.0006329094487027358
reggae.00003.wav,-0.0010497208983095694
disco.00091.wav,-0.0013382519034407711
blues.00056.wav,-0.004015085474740377
jazz.00013.wav,-0.004156465037130457
classical.00099.wav,-0.005584375891854836
pop.00058.wav,-0.00890450020117875
rock.00066.wav,-0.009450818702773534
hiphop.00036.wav,-0.010870596940808828
rock.00090.wav,-0.012292033919789737
country.00003.wav,-0.012688585027219592
reggae.00029.wav,-0.014051161282818357
disco.00056.wav,-0.014127445201499852
blues.00070.wav,-0.01546210793381806
rock.00041.wav,-0.015481578141479426
country.00063.wav,-0.016352242325771087
rock.00029.wav,-0.017852774174550376
reggae.00009.wav,-0.01835218901223213
reggae.00031.wav,-0.020488454973406525
metal.00092.wav,-0.020568049855892407
pop.00085.wav,-0.021871091425053026
hiphop.00050.wav,-0.022583500929366226
disco.00043.wav,-0.0235871120997201
reggae.00072.wav,-0.024053863973373234
country.00041.wav,-0.024167201320255096
rock.00069.wav,-0.02513713720559227
disco.00031.wav,-0.025283610193510088
disco.00015.wav,-0.025659829944583604
blues.00045.wav,-0.027036768748209407
reggae.00008.wav,-0.030013484284520532
rock.00005.wav,-0.0300723686502743
reggae.00026.wav,-0.031345920561442454
hiphop.00072.wav,-0.0314380231952132
rock.00097.wav,-0.037059829485628006
reggae.00024.wav,-0.037872317999214124
country.00072.wav,-0.03853948487776457
rock.00032.wav,-0.038900216758029654
country.00094.wav,-0.0393204422947848
classical.00089.wav,-0.03973308675756931
hiphop.00038.wav,-0.04149138977106836
jazz.00081.wav,-0.042961023747837626
reggae.00028.wav,-0.0457489259812782
rock.00040.wav,-0.04584279204200401
jazz.00064.wav,-0.046905217612683334
disco.00024.wav,-0.04787449122722751
jazz.00083.wav,-0.04808711601655845
reggae.00075.wav,-0.04884265829174599
hiphop.00057.wav,-0.04905521880057598
reggae.00055.wav,-0.05172913895327281
disco.00013.wav,-0.051778714287346914
pop.00013.wav,-0.05287916003686707
hiphop.00045.wav,-0.053348094023727886
hiphop.00039.wav,-0.053348094023727886
rock.00010.wav,-0.05532444033137146
reggae.00019.wav,-0.05612225620230277
rock.00096.wav,-0.05720885067576681
disco.00069.wav,-0.06027995198227432
rock.00093.wav,-0.06108660266367554
jazz.00063.wav,-0.06538230602036166
jazz.00061.wav,-0.06687183783559486
rock.00076.wav,-0.06835604978269702
jazz.00082.wav,-0.0727710427145816
reggae.00018.wav,-0.07287017446544615
reggae.00037.wav,-0.07302784575031578
pop.00084.wav,-0.0735874133913595
disco.00080.wav,-0.0743118010693899
disco.00084.wav,-0.07465773374023972
reggae.00035.wav,-0.07481683684501848
pop.00034.wav,-0.07528114928982245
country.00002.wav,-0.07642524981245696
reggae.00014.wav,-0.07653540779631349
disco.00011.wav,-0.0769815235540234
country.00095.wav,-0.07699369387919404
rock.00092.wav,-0.07717982564058917
hiphop.00060.wav,-0.07777741451971668
reggae.00098.wav,-0.08055043960165449
blues.00001.wav,-0.08170945736357436
reggae.00053.wav,-0.08285126514073947
blues.00061.wav,-0.08339023049674159
reggae.00039.wav,-0.08619195547605137
jazz.00047.wav,-0.08753130912663398
reggae.00020.wav,-0.08869301097769876
pop.00096.wav,-0.08948365987769913
jazz.00052.wav,-0.08953106784594211
reggae.00088.wav,-0.09102392149669118
reggae.00033.wav,-0.09131090264849935
metal.00066.wav,-0.09149580051874207
metal.00045.wav,-0.09149580051874207
metal.00062.wav,-0.09353247995491656
metal.00041.wav,-0.09353247995491656
hiphop.00043.wav,-0.09403086008029088
rock.00057.wav,-0.0941658501069599
pop.00099.wav,-0.09463802259016067
blues.00000.wav,-0.09465832194685286
blues.00042.wav,-0.09471784635635246
jazz.00018.wav,-0.09541123945725541
blues.00047.wav,-0.09593114293890709
rock.00001.wav,-0.09595888659627576
country.00045.wav,-0.09693442214419717
reggae.00061.wav,-0.09709829812423966
jazz.00085.wav,-0.09856326001787673
country.00050.wav,-0.10241390167134842
disco.00034.wav,-0.10272040069346654
hiphop.00081.wav,-0.10353362389133988
hiphop.00099.wav,-0.10403545440076811
country.00070.wav,-0.10404601146101079
rock.00095.wav,-0.10460404829296902
pop.00033.wav,-0.10617214032859794
rock.00004.wav,-0.10749435414517423
blues.00066.wav,-0.10788432399306469
disco.00030.wav,-0.11006859256176314
hiphop.00041.wav,-0.11013935366661276
country.00039.wav,-0.1117400200955465
hiphop.00066.wav,-0.11190802785507063
hiphop.00037.wav,-0.11253088569961578
country.00060.wav,-0.11330639676843508
jazz.00098.wav,-0.11360456956792278
disco.00061.wav,-0.1159646298255258
reggae.00044.wav,-0.11749068199098704
disco.00033.wav,-0.11787622673418661
reggae.00000.wav,-0.1199426456077306
reggae.00030.wav,-0.12077075223354444
jazz.00084.wav,-0.12415888273976888
metal.00088.wav,-0.12509346912203567
rock.00086.wav,-0.12646473553048523
metal.00030.wav,-0.1265030807364568
hiphop.00048.wav,-0.12759742580084357
hiphop.00059.wav,-0.1290139972747903
country.00066.wav,-0.1298480899602127
disco.00004.wav,-0.13167631995848347
pop.00066.wav,-0.13193422556491113
pop.00080.wav,-0.13224362813377485
pop.00047.wav,-0.13246203949578028
hiphop.00079.wav,-0.1355469378910928
disco.00016.wav,-0.13638303633855503
rock.00079.wav,-0.13664205408659688
disco.00064.wav,-0.1399171682082661
blues.00065.wav,-0.1408863594021485
rock.00051.wav,-0.14423021068966926
pop.00008.wav,-0.1442617629808129
hiphop.00027.wav,-0.14457605648805433
country.00088.wav,-0.14519333262753945
pop.00072.wav,-0.14557695925913175
disco.00035.wav,-0.14562367651511554
pop.00098.wav,-0.1457253955136602
hiphop.00058.wav,-0.14586275511039473
hiphop.00076.wav,-0.14625339305341342
hiphop.00078.wav,-0.14625339305341342
reggae.00079.wav,-0.14643611438481463
hiphop.00062.wav,-0.1464911981833367
pop.00070.wav,-0.14837657512361319
metal.00091.wav,-0.14923360644679162
metal.00034.wav,-0.1545538531353693
metal.00094.wav,-0.1545538531353693
metal.00037.wav,-0.15503553031089423
country.00084.wav,-0.15606314787761233
metal.00025.wav,-0.15718131689942608
rock.00000.wav,-0.15762829340706855
blues.00072.wav,-0.1579130985052203
reggae.00017.wav,-0.16128254175614423
rock.00021.wav,-0.16242323226218275
rock.00003.wav,-0.1631742388392653
reggae.00027.wav,-0.16489832384727102
blues.00068.wav,-0.16635911890428434
rock.00008.wav,-0.1664956664094435
pop.00068.wav,-0.1680430917172522
disco.00027.wav,-0.16820345582239807
rock.00078.wav,-0.16920648810204186
disco.00055.wav,-0.16995960884368538
disco.00054.wav,-0.17087697132090154
country.00086.wav,-0.17239222776274338
country.00085.wav,-0.1727451413857096
reggae.00015.wav,-0.17450344198705997
rock.00034.wav,-0.17450818449664462
blues.00044.wav,-0.1747221280541911
jazz.00056.wav,-0.17559005111277137
metal.00038.wav,-0.17613950912122486
pop.00095.wav,-0.17868758125037024
pop.00028.wav,-0.18055980921651923
rock.00047.wav,-0.18091244685343286
disco.00078.wav,-0.18111832484316134
pop.00089.wav,-0.18192281783500197
blues.00040.wav,-0.1822037767673997
rock.00083.wav,-0.18286029783483634
disco.00057.wav,-0.18303953989701055
hiphop.00065.wav,-0.18433720663292855
disco.00046.wav,-0.18526586696062836
metal.00039.wav,-0.18576239167097364
blues.00046.wav,-0.18608951746506772
disco.00089.wav,-0.18659815331165971
hiphop.00068.wav,-0.18662998236363115
disco.00040.wav,-0.18697432693273122
blues.00048.wav,-0.18783667173960425
metal.00022.wav,-0.18876193773501238
pop.00004.wav,-0.18930856679309707
reggae.00065.wav,-0.189449211661332
reggae.00068.wav,-0.19027749424214274
disco.00076.wav,-0.19043344073518667
pop.00042.wav,-0.1931629069135113
reggae.00090.wav,-0.19340895178508571
disco.00022.wav,-0.1936546466209217
reggae.00036.wav,-0.1949151433532571
disco.00060.wav,-0.1950694024935115
pop.00046.wav,-0.19548945492618697
hiphop.00063.wav,-0.19580985182135374
hiphop.00052.wav,-0.1972884389868352
reggae.00050.wav,-0.19732568415514665
reggae.00004.wav,-0.19764741913363018
metal.00089.wav,-0.19785070745606417
reggae.00011.wav,-0.19840466973622248
blues.00043.wav,-0.1984151852455197
hiphop.00096.wav,-0.19861822256083256
country.00090.wav,-0.19935987922512932
disco.00014.wav,-0.19953173830180568
reggae.00071.wav,-0.20141384929188366
metal.00067.wav,-0.20172830681747905
reggae.00021.wav,-0.2017518805238005
pop.00045.wav,-0.20251677408549798
country.00006.wav,-0.20323133066253607
jazz.00050.wav,-0.2037401345158349
country.00055.wav,-0.20412087015249591
disco.00083.wav,-0.20618517766985375
pop.00067.wav,-0.20811286143745084
pop.00071.wav,-0.20811286143745084
metal.00032.wav,-0.20988827147924277
rock.00022.wav,-0.21029348635657988
metal.00081.wav,-0.21030934115287095
pop.00029.wav,-0.2104768813231816
disco.00002.wav,-0.21153962834395204
metal.00018.wav,-0.21209590515912144
pop.00016.wav,-0.21227841545344753
hiphop.00046.wav,-0.2131136173669207
disco.00036.wav,-0.21413949219772396
reggae.00064.wav,-0.21577670385578399
metal.00033.wav,-0.21699598682596152
pop.00001.wav,-0.2180409892140169
metal.00093.wav,-0.22003872326245716
hiphop.00077.wav,-0.22014786913380485
rock.00094.wav,-0.22229198836577788
reggae.00076.wav,-0.2224139154215746
pop.00050.wav,-0.22347467391549328
pop.00044.wav,-0.2237749388407964
blues.00008.wav,-0.2237767107810876
hiphop.00070.wav,-0.22433867416498873
disco.00005.wav,-0.22566415201200277
pop.00019.wav,-0.22743230956754973
disco.00006.wav,-0.22759537113000272
reggae.00086.wav,-0.2279190342277377
metal.00090.wav,-0.22862847865513636
pop.00074.wav,-0.2287262245342406
rock.00053.wav,-0.22879282882972496
pop.00030.wav,-0.22935952813463575
metal.00082.wav,-0.22978442446953165
pop.00009.wav,-0.23036885690191325
hiphop.00042.wav,-0.23040579580776416
rock.00019.wav,-0.23197741427444418
hiphop.00064.wav,-0.23278023755906688
pop.00031.wav,-0.23313799186344872
disco.00018.wav,-0.23326283881487658
blues.00063.wav,-0.2348019792150235
pop.00032.wav,-0.23493850945894915
pop.00022.wav,-0.2354766388301041
pop.00015.wav,-0.23604699602440807
metal.00026.wav,-0.23608236243042346
rock.00013.wav,-0.23730936413730613
rock.00088.wav,-0.23770501287265125
hiphop.00000.wav,-0.23847369704552152
blues.00067.wav,-0.23851442340149284
pop.00024.wav,-0.2406778641783648
rock.00056.wav,-0.24122017855442346
metal.00042.wav,-0.24123605366907472
metal.00063.wav,-0.24123605366907472
metal.00007.wav,-0.24133406640646504
blues.00064.wav,-0.24177278597939775
pop.00069.wav,-0.2422432635786412
disco.00095.wav,-0.24326088131586895
pop.00093.wav,-0.24355668594553145
disco.00094.wav,-0.24413299164248412
metal.00008.wav,-0.24430727827397977
pop.00048.wav,-0.2447124854882541
hiphop.00073.wav,-0.24511448061638189
rock.00024.wav,-0.24557001823622726
rock.00068.wav,-0.24724991322931222
metal.00005.wav,-0.24775230673404838
disco.00001.wav,-0.2484982123505145
rock.00091.wav,-0.24891876424745457
hiphop.00054.wav,-0.25012041507005095
pop.00051.wav,-0.2504451218736418
pop.00038.wav,-0.2508702715027759
disco.00026.wav,-0.2508704799977697
hiphop.00032.wav,-0.25141702351481066
metal.00069.wav,-0.2518478025008092
metal.00068.wav,-0.25257455920285493
pop.00017.wav,-0.25309948862105713
rock.00023.wav,-0.253411401629391
hiphop.00051.wav,-0.25409196875488443
pop.00018.wav,-0.2556355120719593
rock.00020.wav,-0.2574297581223064
metal.00060.wav,-0.2576285736062391
hiphop.00080.wav,-0.2579286583568094
reggae.00087.wav,-0.2586777473981555
rock.00036.wav,-0.2587542108731821
metal.00065.wav,-0.25930616740343226
metal.00044.wav,-0.25930616740343226
disco.00088.wav,-0.2600588828779456
pop.00087.wav,-0.2605553413729367
pop.00090.wav,-0.2611661300851278
metal.00014.wav,-0.2618452468143324
metal.00076.wav,-0.2625147167453171
disco.00007.wav,-0.26383702280187943
hiphop.00004.wav,-0.2638745238384468
rock.00002.wav,-0.26465262460274463
pop.00061.wav,-0.26525994973833605
reggae.00074.wav,-0.2655305825728436
hiphop.00019.wav,-0.2667233201755031
hiphop.00084.wav,-0.2668331828359718
blues.00071.wav,-0.2670124786295799
hiphop.00053.wav,-0.26753520825492966
rock.00081.wav,-0.269281399071975
rock.00030.wav,-0.2704934476270813
blues.00057.wav,-0.2706535985332722
reggae.00012.wav,-0.27107092525349885
rock.00065.wav,-0.27111649860150444
blues.00081.wav,-0.2712722744421936
blues.00082.wav,-0.27139594363336883
blues.00058.wav,-0.2730562729799294
disco.00067.wav,-0.27335223767585065
reggae.00045.wav,-0.2734280708572003
blues.00041.wav,-0.273878222846205
country.00001.wav,-0.274026905533403
blues.00080.wav,-0.2745912050751789
country.00008.wav,-0.27477764964047613
pop.00055.wav,-0.2751979656212545
country.00062.wav,-0.27675869208464937
hiphop.00012.wav,-0.27746880528264356
pop.00060.wav,-0.27794979164032385
pop.00054.wav,-0.27794979164032385
metal.00064.wav,-0.27955068745812
metal.00043.wav,-0.27955068745812
hiphop.00015.wav,-0.27958000127662175
rock.00080.wav,-0.2799407830464586
metal.00072.wav,-0.27997276608832106
hiphop.00028.wav,-0.280471055422759
pop.00088.wav,-0.28229604335859887
metal.00000.wav,-0.2856056691519032
pop.00037.wav,-0.28642470858253244
disco.00065.wav,-0.28746904106281623
pop.00086.wav,-0.28747715121015494
pop.00002.wav,-0.28981091573046563
hiphop.00020.wav,-0.290317459024956
rock.00087.wav,-0.29035794911086665
pop.00036.wav,-0.29097212501335434
pop.00077.wav,-0.29405106321871943
rock.00017.wav,-0.2946452934440639
pop.00082.wav,-0.29547373483463035
hiphop.00067.wav,-0.2961168230182591
hiphop.00071.wav,-0.2967221005917904
reggae.00016.wav,-0.29851986994578045
disco.00087.wav,-0.2996959755446518
country.00058.wav,-0.30267499368514217
blues.00084.wav,-0.30296738446863375
blues.00098.wav,-0.3062403813291993
disco.00008.wav,-0.30713892494115924
country.00004.wav,-0.3102035961520313
blues.00050.wav,-0.31045664302602954
pop.00000.wav,-0.3109447816221527
pop.00056.wav,-0.311683842744165
hiphop.00008.wav,-0.3120908206583505
pop.00078.wav,-0.3121727943702295
pop.00023.wav,-0.31232733071902047
disco.00093.wav,-0.31319072969351286
blues.00076.wav,-0.313926177130045
disco.00059.wav,-0.3147042391743688
disco.00052.wav,-0.3155036662000088
metal.00070.wav,-0.3160302481730798
metal.00085.wav,-0.31819990216085225
disco.00037.wav,-0.3201484768844453
blues.00075.wav,-0.3204118301593583
metal.00097.wav,-0.3228925411312255
rock.00077.wav,-0.3234135415016429
reggae.00051.wav,-0.323765049737822
pop.00091.wav,-0.3239882533765069
rock.00067.wav,-0.32401802930782675
rock.00038.wav,-0.32655058880392773
pop.00059.wav,-0.3279606569359253
metal.00019.wav,-0.3284656354596666
country.00000.wav,-0.3294811133587294
reggae.00099.wav,-0.32993395847976253
country.00099.wav,-0.3302053887654748
country.00096.wav,-0.3302311363208934
pop.00073.wav,-0.33102692187981
hiphop.00030.wav,-0.3312068565550129
hiphop.00075.wav,-0.3313572295356142
metal.00083.wav,-0.3333782529278502
pop.00035.wav,-0.3340536654074273
country.00092.wav,-0.3342376667382202
hiphop.00056.wav,-0.33802122228364156
hiphop.00011.wav,-0.33849780209085006
blues.00051.wav,-0.34013884375261266
disco.00058.wav,-0.34102798028200526
disco.00099.wav,-0.34210740648080806
disco.00098.wav,-0.34210740648080806
reggae.00073.wav,-0.3453807132636847
disco.00028.wav,-0.34635992954309663
hiphop.00034.wav,-0.34683417852504445
disco.00003.wav,-0.3474858265814742
pop.00097.wav,-0.3480306723091263
disco.00092.wav,-0.3484343959819592
country.00053.wav,-0.3488554948316103
metal.00015.wav,-0.3498171725654798
country.00075.wav,-0.3499607550610142
country.00005.wav,-0.3509091832164669
country.00007.wav,-0.3525230214133078
rock.00026.wav,-0.3527500058263145
metal.00004.wav,-0.35278401424084593
metal.00010.wav,-0.3529045748245358
pop.00076.wav,-0.35420773089667185
rock.00084.wav,-0.35453502228519085
pop.00020.wav,-0.358092332285869
hiphop.00018.wav,-0.35994346683161865
blues.00060.wav,-0.36061940053782565
hiphop.00016.wav,-0.3608462968009814
metal.00098.wav,-0.3614727946240056
jazz.00021.wav,-0.36238591954145954
metal.00020.wav,-0.36321984157502135
rock.00072.wav,-0.3643052485092056
metal.00059.wav,-0.36453875966970417
hiphop.00024.wav,-0.3649334137769146
pop.00021.wav,-0.3659590866876364
metal.00027.wav,-0.3662503203840677
metal.00086.wav,-0.36746416164253726
blues.00078.wav,-0.3678204137525439
reggae.00052.wav,-0.36790447759236133
blues.00054.wav,-0.36826679538551965
rock.00074.wav,-0.3705504754352437
disco.00010.wav,-0.3706827982902064
disco.00074.wav,-0.37228780620338453
hiphop.00049.wav,-0.37351653125184153
hiphop.00026.wav,-0.37421296230767004
reggae.00081.wav,-0.37552814888496905
reggae.00082.wav,-0.37552814888496905
pop.00039.wav,-0.37615786786684824
metal.00017.wav,-0.3767767994065955
disco.00068.wav,-0.3771863166591155
metal.00079.wav,-0.3793280006395818
pop.00075.wav,-0.3801188520132738
pop.00052.wav,-0.38020552661366497
hiphop.00074.wav,-0.38136073187765634
hiphop.00094.wav,-0.38219963920296374
metal.00002.wav,-0.3824901254882679
pop.00057.wav,-0.3842995256962548
rock.00075.wav,-0.38583306710706883
disco.00048.wav,-0.3889941139229942
metal.00021.wav,-0.3893455645780412
hiphop.00086.wav,-0.3894912562322836
metal.00012.wav,-0.39080672765622815
reggae.00080.wav,-0.3912924597444577
metal.00061.wav,-0.3939424809955503
metal.00040.wav,-0.3939424809955503
country.00080.wav,-0.3940079430738819
disco.00097.wav,-0.3951603710919296
blues.00079.wav,-0.3951956248398637
disco.00070.wav,-0.39567673319848584
disco.00079.wav,-0.3957589244034739
disco.00023.wav,-0.3966473518822863
metal.00074.wav,-0.39742568219884566
rock.00025.wav,-0.39917540895039333
metal.00006.wav,-0.40062567770924506
rock.00082.wav,-0.4026188518446678
rock.00016.wav,-0.40388747247253676
metal.00058.wav,-0.40388747247253676
hiphop.00047.wav,-0.40390103728177196
country.00009.wav,-0.40721055002892376
metal.00077.wav,-0.4091770660733226
disco.00096.wav,-0.40950295592101543
disco.00012.wav,-0.40981140872096605
metal.00001.wav,-0.4100161174964581
metal.00011.wav,-0.4111073603866264
disco.00073.wav,-0.4144098387329029
pop.00092.wav,-0.4161117945392297
metal.00013.wav,-0.41767803172130397
disco.00077.wav,-0.4192274879927374
hiphop.00097.wav,-0.42011286337545456
rock.00073.wav,-0.4207767810246759
metal.00028.wav,-0.421288141320757
metal.00003.wav,-0.42323761411243005
disco.00051.wav,-0.42437582680092706
hiphop.00093.wav,-0.4274248388020149
blues.00055.wav,-0.42868669275363963
blues.00053.wav,-0.42976237095133496
disco.00066.wav,-0.4300271340151058
metal.00036.wav,-0.43414712072022854
reggae.00023.wav,-0.4363355476001194
disco.00053.wav,-0.4372191744905305
pop.00043.wav,-0.43731778478551875
rock.00018.wav,-0.43895346539520363
hiphop.00031.wav,-0.4394895513646255
hiphop.00090.wav,-0.4425639851119634
hiphop.00014.wav,-0.44342808171261816
hiphop.00069.wav,-0.4506099889306722
hiphop.00003.wav,-0.4511419625205668
blues.00074.wav,-0.4519880804426869
metal.00023.wav,-0.45214087830588184
hiphop.00010.wav,-0.45411259125082876
disco.00072.wav,-0.4557619818165465
blues.00077.wav,-0.45625802046787595
hiphop.00035.wav,-0.4569423217895468
blues.00059.wav,-0.459302268789261
hiphop.00095.wav,-0.46089546274769305
hiphop.00092.wav,-0.4624539871654327
blues.00083.wav,-0.463504074630388
disco.00049.wav,-0.4635186785184357
hiphop.00009.wav,-0.4636050917665764
blues.00073.wav,-0.4637293216088931
disco.00050.wav,-0.4656580217364628
hiphop.00023.wav,-0.46782285453254824
metal.00046.wav,-0.470914937569421
disco.00075.wav,-0.4725174598703522
hiphop.00083.wav,-0.47377265916061034
metal.00075.wav,-0.47420005530070636
hiphop.00033.wav,-0.4758993383418393
hiphop.00029.wav,-0.47694398858329423
country.00081.wav,-0.47956667360116084
rock.00071.wav,-0.48056058002786056
disco.00082.wav,-0.48193849040820647
metal.00095.wav,-0.4820535857701592
country.00082.wav,-0.4836326178596821
disco.00090.wav,-0.48798822587902996
disco.00071.wav,-0.48982050995669607
metal.00016.wav,-0.49226683603666904
hiphop.00022.wav,-0.4955364433978025
metal.00048.wav,-0.498168819178947
metal.00080.wav,-0.5017555969252171
disco.00085.wav,-0.5079231102115064
metal.00029.wav,-0.507925128943165
reggae.00022.wav,-0.5116260392380757
metal.00031.wav,-0.5131268510449856
hiphop.00091.wav,-0.5164775827286944
reggae.00048.wav,-0.5182741346163476
metal.00049.wav,-0.5225825930454454
hiphop.00089.wav,-0.5233077705888768
metal.00071.wav,-0.5242600060869018
metal.00073.wav,-0.5254425001122741
metal.00009.wav,-0.5268024369484529
metal.00035.wav,-0.5277986247140537
hiphop.00006.wav,-0.5284066258034867
metal.00055.wav,-0.5299485113637303
metal.00024.wav,-0.5312859434927937
hiphop.00017.wav,-0.5314824309296693
metal.00047.wav,-0.532116909618866
hiphop.00082.wav,-0.5336088198713614
hiphop.00085.wav,-0.5340950427135748
hiphop.00007.wav,-0.5361574659578784
metal.00052.wav,-0.5397094712681857
hiphop.00088.wav,-0.5423641114046343
metal.00057.wav,-0.5438531154608006
hiphop.00098.wav,-0.5479643766928903
metal.00054.wav,-0.5581214765423547
metal.00053.wav,-0.561844594350207
hiphop.00001.wav,-0.5695391101428845
metal.00084.wav,-0.5725644516225489
metal.00050.wav,-0.5769150031258532
hiphop.00087.wav,-0.5834262668701732
metal.00096.wav,-0.5839601481219784
hiphop.00021.wav,-0.590023717262945
hiphop.00025.wav,-0.5909605969063526
metal.00051.wav,-0.6064358943906477
metal.00099.wav,-0.606810612218816
metal.00056.wav,-0.6071044061807855
disco.00063.wav,-0.6085738396045797
disco.00062.wav,-0.6146657186324063
metal.00078.wav,-0.6864570321198968
hiphop.00005.wav,-0.6974781635604987
metal.00087.wav,-0.7163066709561299
